读者编号,学院,月份,借阅量,逾期数
R1000,信息管理,1,190,17.0
R1001,计算机,1,36,6.0
R1002,法学,1,152,27.0
R1003,信息管理,1,24,13.0
R1004,计算机,3,155,1.0
R1005,法学,1,184,34.0
R1006,文学,1,115,37.0
R1007,历史,1,195,10.0
R1008,文学,2,72,9.0
R1009,计算机,2,27,5.0
R1010,文学,1,92,
R1011,法学,2,12,
R1012,法学,1,97,
R1013,法学,2,161,
R1014,历史,3,50,
R1015,信息管理,3,59,
R1016,信息管理,1,26,
R1017,历史,2,163,
R1018,计算机,2,91,
R1019,历史,3,175,
R1020,法学,3,44,
R1021,计算机,1,119,24.0
R1022,历史,3,177,35.0
R1023,计算机,3,84,3.0
R1024,计算机,1,81,25.0
R1025,历史,1,约120,36.0
R1026,历史,1,-5,31.0
R1027,文学,3月,118,9.0
R1028,信息管理 ,1,64,35.0
R1029,信管,2,192,37.0
R1030,文学,3,9999,23.0
R1031,计算机,1,131,31.0
R1032,信息管理,1,29,9.0
R1033,计算机,3,109,38.0
R1034,信息管理,2,98,38.0
R1035,文学,3,65,35.0
R1036,信息管理,3,185,7.0
R1037,法学,2,197,21.0
R1038,信息管理,2,112,10.0
R1039,文学,1,185,16.0
R1040,法学,1,130,6.0
R1041,历史,3,130,38.0
R1042,计算机,1,96,10.0
R1043,法学,3,1,38.0
R1044,历史,2,5,7.0
R1045,历史,2,62,3.0
R1046,计算机,3,21,5.0
R1047,文学,1,195,34.0
R1048,计算机,1,169,30.0
R1049,法学,1,68,33.0
R1050,法学,2,55,34.0
R1051,计算机,3,80,25.0
R1052,历史,2,133,28.0
R1053,信息管理,1,58,4.0
R1054,历史,1,151,35.0
R1055,计算机,3,57,0.0
R1056,信息管理,3,162,3.0
R1057,计算机,1,9,21.0
R1058,信息管理,3,61,17.0
R1059,文学,1,139,8.0
R1060,法学,3,122,15.0
R1061,文学,2,49,6.0
R1062,信息管理,3,111,22.0
R1063,文学,2,120,3.0
R1064,信息管理,1,104,21.0
R1065,信息管理,1,50,12.0
R1066,法学,2,36,27.0
R1067,计算机,2,119,15.0
R1068,信息管理,2,141,6.0
R1069,信息管理,3,139,0.0
R1070,信息管理,1,43,26.0
R1071,文学,2,55,25.0
R1072,信息管理,1,98,0.0
R1073,文学,2,117,18.0
R1074,文学,3,188,35.0
R1075,文学,1,49,18.0
R1076,计算机,1,149,34.0
R1077,信息管理,3,81,3.0
R1078,信息管理,3,123,32.0
R1079,法学,1,15,32.0
R1080,信息管理,1,18,38.0
R1081,信息管理,3,61,25.0
R1082,信息管理,3,64,37.0
R1083,法学,1,159,5.0
R1084,文学,3,150,36.0
R1085,法学,2,67,13.0
R1086,历史,1,68,25.0
R1087,计算机,3,166,19.0
R1088,文学,2,193,4.0
R1089,信息管理,2,160,36.0
R1090,信息管理,1,138,13.0
R1091,法学,2,34,22.0
R1092,信息管理,1,95,18.0
R1093,计算机,2,140,19.0
R1094,法学,3,136,0.0
R1095,法学,2,170,6.0
R1096,计算机,2,30,6.0
R1097,法学,1,70,18.0
R1098,法学,1,184,21.0
R1099,计算机,3,163,16.0
R1100,法学,2,65,3.0
R1101,信息管理,3,109,17.0
R1102,信息管理,1,86,8.0
R1103,历史,1,190,28.0
R1104,法学,3,110,35.0
R1105,信息管理,1,20,9.0
R1106,法学,1,95,37.0
R1107,法学,1,111,8.0
R1108,信息管理,2,94,2.0
R1109,历史,1,175,15.0
R1110,信息管理,2,200,35.0
R1111,文学,3,192,9.0
R1112,计算机,1,46,26.0
R1113,信息管理,1,189,21.0
R1114,文学,3,189,15.0
R1115,历史,1,180,6.0
R1116,文学,1,121,14.0
R1117,计算机,2,90,19.0
R1118,计算机,1,7,12.0
R1119,文学,2,72,4.0
R1120,历史,2,165,32.0
R1121,文学,3,138,21.0
R1122,信息管理,1,67,11.0
R1123,法学,2,10,6.0
R1124,法学,2,89,20.0
R1125,文学,3,131,7.0
R1126,文学,3,49,16.0
R1127,信息管理,3,112,0.0
R1128,法学,3,176,12.0
R1129,历史,2,18,21.0
R1130,法学,2,170,7.0
R1131,历史,3,80,26.0
R1132,历史,2,179,18.0
R1133,法学,1,50,26.0
R1134,文学,3,192,11.0
R1135,法学,3,78,25.0
R1136,法学,1,78,18.0
R1137,计算机,2,149,38.0
R1138,历史,2,114,28.0
R1139,计算机,3,122,10.0
R1140,信息管理,2,132,40.0
R1141,法学,2,24,15.0
R1142,历史,1,51,9.0
R1143,信息管理,1,63,30.0
R1144,法学,1,117,26.0
R1145,法学,1,184,24.0
R1146,文学,2,63,9.0
R1147,信息管理,1,200,27.0
R1148,计算机,1,179,33.0
R1149,文学,1,143,15.0
R1005,法学,1,184,34.0
R1006,文学,1,115,37.0
R1007,历史,1,195,10.0
