读者编号,学院_借阅,月份,借阅量,逾期数,学院_读者,年级
R1000,信息管理,1,190.0,17.0,历史,大二
R1001,计算机,1,36.0,6.0,文学,研二
R1002,法学,1,152.0,27.0,信息管理,大一
R1003,信息管理,1,24.0,13.0,法学,大一
R1004,计算机,3,155.0,1.0,历史,研一
R1005,法学,1,184.0,34.0,信息管理,研一
R1006,文学,1,115.0,37.0,计算机,大一
R1007,历史,1,195.0,10.0,信息管理,大四
R1008,文学,2,72.0,9.0,文学,大一
R1009,计算机,2,27.0,5.0,计算机,大一
R1010,文学,1,92.0,0.0,法学,大四
R1011,法学,2,12.0,0.0,信息管理,研三
R1012,法学,1,97.0,0.0,法学,大一
R1013,法学,2,161.0,0.0,计算机,研二
R1014,历史,3,50.0,0.0,法学,大一
R1015,信息管理,3,59.0,0.0,法学,研一
R1016,信息管理,1,26.0,0.0,文学,大一
R1017,历史,2,163.0,0.0,计算机,大一
R1018,计算机,2,91.0,0.0,法学,研三
R1019,历史,3,175.0,0.0,计算机,大三
R1020,法学,3,44.0,0.0,历史,大二
R1021,计算机,1,119.0,24.0,法学,大一
R1022,历史,3,177.0,35.0,法学,大三
R1023,计算机,3,84.0,3.0,法学,研三
R1024,计算机,1,81.0,25.0,计算机,大一
R1027,文学,3,118.0,9.0,信息管理,研一
R1028,信息管理,1,64.0,35.0,信息管理,研一
R1029,信息管理,2,192.0,37.0,信息管理,研一
R1030,文学,3,9999.0,23.0,计算机,
R1031,计算机,1,131.0,31.0,法学,大四
R1032,信息管理,1,29.0,9.0,历史,大四
R1033,计算机,3,109.0,38.0,法学,大四
R1034,信息管理,2,98.0,38.0,历史,大三
R1035,文学,3,65.0,35.0,计算机,研三
R1036,信息管理,3,185.0,7.0,计算机,研二
R1037,法学,2,197.0,21.0,计算机,大一
R1038,信息管理,2,112.0,10.0,法学,大三
R1039,文学,1,185.0,16.0,法学,大四
R1040,法学,1,130.0,6.0,历史,研二
R1041,历史,3,130.0,38.0,文学,大三
R1042,计算机,1,96.0,10.0,法学,大一
R1043,法学,3,1.0,38.0,信息管理,研一
R1044,历史,2,5.0,7.0,文学,大二
R1045,历史,2,62.0,3.0,历史,大二
R1046,计算机,3,21.0,5.0,文学,大四
R1047,文学,1,195.0,34.0,信息管理,研二
R1048,计算机,1,169.0,30.0,信息管理,研三
R1049,法学,1,68.0,33.0,法学,研一
R1050,法学,2,55.0,34.0,历史,大三
R1051,计算机,3,80.0,25.0,历史,研一
R1052,历史,2,133.0,28.0,文学,研一
R1053,信息管理,1,58.0,4.0,文学,大一
R1054,历史,1,151.0,35.0,信息管理,大三
R1055,计算机,3,57.0,0.0,文学,研二
R1056,信息管理,3,162.0,3.0,信息管理,大一
R1057,计算机,1,9.0,21.0,历史,研二
R1058,信息管理,3,61.0,17.0,法学,研二
R1059,文学,1,139.0,8.0,文学,大三
R1060,法学,3,122.0,15.0,文学,
R1061,文学,2,49.0,6.0,历史,大一
R1062,信息管理,3,111.0,22.0,文学,大三
R1063,文学,2,120.0,3.0,计算机,研一
R1064,信息管理,1,104.0,21.0,信息管理,大四
R1065,信息管理,1,50.0,12.0,信息管理,大二
R1066,法学,2,36.0,27.0,历史,大二
R1067,计算机,2,119.0,15.0,计算机,大四
R1068,信息管理,2,141.0,6.0,文学,研三
R1069,信息管理,3,139.0,0.0,文学,大一
R1070,信息管理,1,43.0,26.0,计算机,大四
R1071,文学,2,55.0,25.0,文学,研一
R1072,信息管理,1,98.0,0.0,历史,大二
R1073,文学,2,117.0,18.0,文学,研三
R1074,文学,3,188.0,35.0,法学,大三
R1075,文学,1,49.0,18.0,文学,大三
R1076,计算机,1,149.0,34.0,文学,大二
R1077,信息管理,3,81.0,3.0,计算机,大一
R1078,信息管理,3,123.0,32.0,计算机,大二
R1079,法学,1,15.0,32.0,计算机,研二
R1080,信息管理,1,18.0,38.0,计算机,大一
R1081,信息管理,3,61.0,25.0,文学,研三
R1082,信息管理,3,64.0,37.0,法学,大二
R1083,法学,1,159.0,5.0,历史,大三
R1084,文学,3,150.0,36.0,信息管理,大二
R1085,法学,2,67.0,13.0,文学,研一
R1086,历史,1,68.0,25.0,历史,研一
R1087,计算机,3,166.0,19.0,法学,大三
R1088,文学,2,193.0,4.0,计算机,研二
R1089,信息管理,2,160.0,36.0,法学,研一
R1090,信息管理,1,138.0,13.0,信息管理,大四
R1091,法学,2,34.0,22.0,法学,大四
R1092,信息管理,1,95.0,18.0,文学,大四
R1093,计算机,2,140.0,19.0,文学,大一
R1094,法学,3,136.0,0.0,文学,研二
R1095,法学,2,170.0,6.0,文学,大一
R1096,计算机,2,30.0,6.0,计算机,大一
R1097,法学,1,70.0,18.0,计算机,大四
R1098,法学,1,184.0,21.0,计算机,大一
R1099,计算机,3,163.0,16.0,历史,研一
R1100,法学,2,65.0,3.0,信息管理,大一
R1101,信息管理,3,109.0,17.0,信息管理,研一
R1102,信息管理,1,86.0,8.0,计算机,研一
R1103,历史,1,190.0,28.0,信息管理,大三
R1104,法学,3,110.0,35.0,法学,大一
R1105,信息管理,1,20.0,9.0,信息管理,研三
R1106,法学,1,95.0,37.0,计算机,研一
R1107,法学,1,111.0,8.0,文学,大二
R1108,信息管理,2,94.0,2.0,历史,大三
R1109,历史,1,175.0,15.0,法学,大三
R1110,信息管理,2,200.0,35.0,文学,大一
R1111,文学,3,192.0,9.0,信息管理,研三
R1112,计算机,1,46.0,26.0,文学,大四
R1113,信息管理,1,189.0,21.0,文学,大四
R1114,文学,3,189.0,15.0,历史,大一
R1115,历史,1,180.0,6.0,计算机,大一
R1116,文学,1,121.0,14.0,历史,研二
R1117,计算机,2,90.0,19.0,历史,大四
R1118,计算机,1,7.0,12.0,计算机,研一
R1119,文学,2,72.0,4.0,信息管理,大二
R1120,历史,2,165.0,32.0,法学,大三
R1121,文学,3,138.0,21.0,计算机,研二
R1122,信息管理,1,67.0,11.0,法学,大一
R1123,法学,2,10.0,6.0,法学,大三
R1124,法学,2,89.0,20.0,信息管理,研二
R1125,文学,3,131.0,7.0,历史,研一
R1126,文学,3,49.0,16.0,历史,大二
R1127,信息管理,3,112.0,0.0,历史,研三
R1128,法学,3,176.0,12.0,计算机,研一
R1129,历史,2,18.0,21.0,法学,研三
R1130,法学,2,170.0,7.0,法学,大三
R1131,历史,3,80.0,26.0,计算机,研一
R1132,历史,2,179.0,18.0,计算机,研三
R1133,法学,1,50.0,26.0,计算机,研三
R1134,文学,3,192.0,11.0,文学,研二
R1135,法学,3,78.0,25.0,计算机,大二
R1136,法学,1,78.0,18.0,法学,大四
R1137,计算机,2,149.0,38.0,历史,研二
R1138,历史,2,114.0,28.0,信息管理,大一
R1139,计算机,3,122.0,10.0,历史,大四
R1140,信息管理,2,132.0,40.0,历史,大二
R1141,法学,2,24.0,15.0,法学,大三
R1142,历史,1,51.0,9.0,文学,研三
R1143,信息管理,1,63.0,30.0,历史,大三
R1144,法学,1,117.0,26.0,信息管理,大二
R1145,法学,1,184.0,24.0,信息管理,大二
R1146,文学,2,63.0,9.0,文学,大二
R1147,信息管理,1,200.0,27.0,历史,大二
