读者编号,学院,年级
R1000,历史,大二
R1001,文学,研二
R1002,信息管理,大一
R1003,法学,大一
R1004,历史,研一
R1005,信息管理,研一
R1006,计算机,大一
R1007,信息管理,大四
R1008,文学,大一
R1009,计算机,大一
R1010,法学,大四
R1011,信息管理,研三
R1012,法学,大一
R1013,计算机,研二
R1014,法学,大一
R1015,法学,研一
R1016,文学,大一
R1017,计算机,大一
R1018,法学,研三
R1019,计算机,大三
R1020,历史 ,大二
R1021,法学,大一
R1022,法学,大三
R1023,法学,研三
R1024,计算机,大一
R1025,法学,研一
R1026,计算机,大三
R1027,信息管理,研一
R1028,信息管理,研一
R1029,信息管理,研一
R1030,计算机,
R1031,法学,大四
R1032,历史,大四
R1033,法学,大四
R1034,历史,大三
R1035,计算机,研三
R1036,计算机,研二
R1037,计算机,大一
R1038,法学,大三
R1039,法学,大四
R1040,历史,研二
R1041,文学,大三
R1042,法学,大一
R1043,信息管理,研一
R1044,文学,大二
R1045,历史,大二
R1046,文学,大四
R1047,信息管理,研二
R1048,信息管理,研三
R1049,法学,研一
R1050,历史,大三
R1051,历史,研一
R1052,文学,研一
R1053,文学,大一
R1054,信息管理,大三
R1055,文学,研二
R1056,信息管理,大一
R1057,历史,研二
R1058,法学,研二
R1059,文学,大三
R1060,文学,
R1061,历史,大一
R1062,文学,大三
R1063,计算机,研一
R1064,信息管理,大四
R1065,信息管理,大二
R1066,历史,大二
R1067,计算机,大四
R1068,文学,研三
R1069,文学,大一
R1070,计算机,大四
R1071,文学,研一
R1072,历史,大二
R1073,文学,研三
R1074,法学,大三
R1075,文学,大三
R1076,文学,大二
R1077,计算机,大一
R1078,计算机,大二
R1079,计算机,研二
R1080,计算机,大一
R1081,文学,研三
R1082,法学,大二
R1083,历史,大三
R1084,信息管理,大二
R1085,文学,研一
R1086,历史,研一
R1087,法学,大三
R1088,计算机,研二
R1089,法学,研一
R1090,信息管理,大四
R1091,法学,大四
R1092,文学,大四
R1093,文学,大一
R1094,文学,研二
R1095,文学,大一
R1096,计算机,大一
R1097,计算机,大四
R1098,计算机,大一
R1099,历史,研一
R1100,信息管理,大一
R1101,信息管理,研一
R1102,计算机,研一
R1103,信息管理,大三
R1104,法学,大一
R1105,信息管理,研三
R1106,计算机,研一
R1107,文学,大二
R1108,历史,大三
R1109,法学,大三
R1110,文学,大一
R1111,信息管理,研三
R1112,文学,大四
R1113,文学,大四
R1114,历史,大一
R1115,计算机,大一
R1116,历史,研二
R1117,历史,大四
R1118,计算机,研一
R1119,信息管理,大二
R1120,法学,大三
R1121,计算机,研二
R1122,法学,大一
R1123,法学,大三
R1124,信息管理,研二
R1125,历史,研一
R1126,历史,大二
R1127,历史,研三
R1128,计算机,研一
R1129,法学,研三
R1130,法学,大三
R1131,计算机,研一
R1132,计算机,研三
R1133,计算机,研三
R1134,文学,研二
R1135,计算机,大二
R1136,法学,大四
R1137,历史,研二
R1138,信息管理,大一
R1139,历史,大四
R1140,历史,大二
R1141,法学,大三
R1142,文学,研三
R1143,历史,大三
R1144,信息管理,大二
R1145,信息管理,大二
R1146,文学,大二
R1147,历史,大二
R1029,信息管理,研一
